category_name,sample_id,onset,offset,old_index
playing harmonica,8777,4,10,118
playing harmonica,18315,0,10,118
playing harmonica,9769,0,1,118
playing harmonica,23870,0,10,118
playing harmonica,4174,0,10,118
playing harmonica,19162,0,10,118
playing harmonica,16168,0,10,118
playing harmonica,8779,0,10,118
playing harmonica,19332,0,10,118
playing harmonica,15418,0,10,118
playing harmonica,19159,0,10,118
playing harmonica,7694,3,10,118
playing harmonica,14416,0,10,118
playing harmonica,15417,0,10,118
playing harmonica,21272,0,10,118
playing harmonica,26833,0,10,118
playing harmonica,6689,0,10,118
playing harmonica,22239,0,10,118
playing harmonica,22159,0,10,118
playing harmonica,7638,0,10,118
playing harmonica,14764,1,10,118
playing harmonica,14985,4,10,118
playing harmonica,21499,1,10,118
playing harmonica,26680,0,10,118
playing harmonica,16166,2,10,118
playing harmonica,7639,0,10,118
playing harmonica,26678,0,10,118
playing harmonica,15188,0,10,118
playing harmonica,21305,0,10,118
playing harmonica,11395,4,10,118
playing harmonica,11867,0,10,118
playing harmonica,24241,0,10,118
playing harmonica,22381,0,10,118
playing harmonica,25657,0,10,118
playing harmonica,23866,1,10,118
playing harmonica,19107,6,10,118
playing harmonica,27670,0,10,118
playing harmonica,8073,1,10,118
playing harmonica,15419,0,10,118
playing harmonica,19587,0,10,118
playing harmonica,12413,5,10,118
playing harmonica,26832,0,10,118
playing harmonica,12788,0,9,118
playing harmonica,1569,0,10,118
playing harmonica,16167,0,10,118
playing harmonica,14401,0,10,118
playing harmonica,26206,0,10,118
playing harmonica,1676,0,10,118
playing harmonica,20112,1,10,118
playing harmonica,21412,0,10,118
playing harmonica,19160,0,10,118
playing harmonica,14404,0,10,118
playing harmonica,26307,0,10,118
playing harmonica,23868,0,10,118
playing harmonica,16552,4,10,118
playing harmonica,21306,0,10,118
playing harmonica,2265,0,10,118
playing harmonica,22589,1,10,118
playing harmonica,26834,0,10,118
playing harmonica,406,0,10,118
playing harmonica,17819,0,10,118
playing harmonica,17818,0,10,118
playing harmonica,21389,0,10,118
playing harmonica,15187,0,10,118
playing harmonica,14400,0,10,118
playing harmonica,22160,0,10,118
playing harmonica,10222,0,9,118
playing harmonica,14406,0,10,118
playing harmonica,12578,0,10,118
playing harmonica,21387,0,10,118
playing harmonica,26740,3,10,118
playing harmonica,22162,0,10,118
playing harmonica,23980,0,10,118
playing harmonica,21388,0,10,118
playing harmonica,25402,1,10,118
playing harmonica,5792,0,10,118
playing harmonica,6480,0,10,118
playing harmonica,6481,0,10,118
playing harmonica,22683,0,10,118
playing harmonica,12128,0,10,118
playing harmonica,5246,0,10,118
playing harmonica,12127,0,10,118
playing harmonica,20944,2,10,118
playing harmonica,15416,0,10,118
playing harmonica,11868,0,10,118
playing harmonica,9883,3,10,118
playing harmonica,2959,1,10,118
playing harmonica,4175,0,10,118
playing harmonica,23867,0,10,118
playing harmonica,26835,0,10,118
playing harmonica,8778,0,10,118
playing harmonica,6419,0,10,118
playing harmonica,6418,0,10,118
playing harmonica,23596,0,10,118
playing harmonica,4173,0,10,118
playing harmonica,12414,0,10,118
playing harmonica,14399,1,10,118
playing harmonica,6370,0,10,118
playing harmonica,26808,0,10,118
playing harmonica,14402,0,9,118
playing harmonica,6693,0,10,118
playing harmonica,13230,0,10,118
playing harmonica,26205,2,10,118
playing harmonica,23154,0,10,118
playing harmonica,12126,0,10,118
playing harmonica,23372,1,10,118
playing harmonica,15408,0,10,118
playing fingerstyle guitar,4639,0,10,108
playing fingerstyle guitar,20054,0,10,108
playing fingerstyle guitar,12607,0,10,108
playing fingerstyle guitar,16510,0,10,108
playing fingerstyle guitar,20072,0,10,108
playing fingerstyle guitar,16061,0,10,108
playing fingerstyle guitar,12137,0,10,108
playing fingerstyle guitar,6627,0,10,108
playing fingerstyle guitar,21743,0,10,108
playing fingerstyle guitar,26042,0,10,108
playing fingerstyle guitar,13628,0,10,108
playing fingerstyle guitar,19050,0,10,108
playing fingerstyle guitar,21278,0,10,108
playing fingerstyle guitar,7174,0,10,108
playing fingerstyle guitar,15082,0,10,108
playing fingerstyle guitar,27476,0,7,108
playing fingerstyle guitar,18132,0,10,108
playing fingerstyle guitar,10681,0,10,108
playing fingerstyle guitar,15822,0,10,108
playing fingerstyle guitar,25724,0,10,108
playing fingerstyle guitar,4633,0,10,108
playing fingerstyle guitar,26619,0,10,108
playing fingerstyle guitar,5211,0,10,108
playing fingerstyle guitar,13758,0,10,108
playing fingerstyle guitar,12521,0,10,108
playing fingerstyle guitar,19100,0,10,108
playing fingerstyle guitar,17459,0,10,108
playing fingerstyle guitar,27539,0,10,108
playing fingerstyle guitar,13623,1,10,108
playing fingerstyle guitar,24873,0,10,108
playing fingerstyle guitar,12232,0,10,108
playing fingerstyle guitar,4945,0,10,108
playing fingerstyle guitar,10680,0,10,108
playing fingerstyle guitar,26637,0,10,108
playing fingerstyle guitar,9118,0,10,108
playing fingerstyle guitar,4635,0,10,108
playing fingerstyle guitar,13757,0,10,108
playing fingerstyle guitar,15338,0,10,108
playing fingerstyle guitar,21655,0,10,108
playing fingerstyle guitar,9050,0,10,108
playing fingerstyle guitar,27473,3,10,108
playing fingerstyle guitar,6489,0,10,108
playing fingerstyle guitar,10755,0,10,108
playing fingerstyle guitar,27772,0,10,108
playing fingerstyle guitar,9177,0,10,108
playing fingerstyle guitar,17289,0,10,108
playing fingerstyle guitar,14177,0,10,108
playing fingerstyle guitar,6171,0,10,108
playing fingerstyle guitar,4942,0,10,108
playing fingerstyle guitar,4166,0,10,108
playing fingerstyle guitar,7721,0,10,108
playing fingerstyle guitar,13718,0,10,108
playing fingerstyle guitar,27565,0,7,108
playing fingerstyle guitar,26217,0,10,108
playing fingerstyle guitar,6878,0,10,108
playing fingerstyle guitar,21657,0,10,108
playing fingerstyle guitar,9343,0,10,108
playing fingerstyle guitar,16057,2,10,108
playing fingerstyle guitar,11174,0,10,108
playing fingerstyle guitar,24713,0,10,108
playing fingerstyle guitar,17580,0,10,108
playing fingerstyle guitar,21280,0,10,108
playing fingerstyle guitar,9179,0,10,108
playing fingerstyle guitar,15728,0,10,108
playing fingerstyle guitar,20056,0,10,108
playing fingerstyle guitar,9693,0,10,108
playing fingerstyle guitar,24685,0,10,108
playing fingerstyle guitar,9936,1,10,108
playing fingerstyle guitar,24877,0,10,108
playing fingerstyle guitar,21942,0,10,108
playing fingerstyle guitar,26709,0,10,108
playing fingerstyle guitar,5210,0,10,108
playing fingerstyle guitar,21282,0,10,108
playing fingerstyle guitar,8259,5,10,108
playing fingerstyle guitar,15337,0,10,108
playing fingerstyle guitar,22490,0,10,108
playing fingerstyle guitar,16059,0,10,108
playing fingerstyle guitar,12601,0,10,108
playing fingerstyle guitar,13629,0,10,108
playing fingerstyle guitar,12518,0,10,108
playing fingerstyle guitar,13720,0,10,108
playing fingerstyle guitar,19038,0,10,108
playing fingerstyle guitar,20070,0,10,108
playing fingerstyle guitar,15020,0,10,108
playing fingerstyle guitar,10756,0,10,108
playing fingerstyle guitar,19963,0,10,108
playing fingerstyle guitar,12135,0,10,108
playing fingerstyle guitar,5207,0,10,108
playing fingerstyle guitar,24715,0,10,108
playing fingerstyle guitar,11108,0,10,108
playing fingerstyle guitar,9345,0,10,108
playing fingerstyle guitar,27564,3,10,108
playing fingerstyle guitar,15339,0,10,108
playing fingerstyle guitar,19964,0,10,108
playing fingerstyle guitar,7650,0,10,108
playing fingerstyle guitar,5799,0,10,108
playing fingerstyle guitar,24720,0,10,108
playing fingerstyle guitar,22134,0,10,108
playing fingerstyle guitar,7374,0,10,108
playing fingerstyle guitar,22489,0,10,108
playing fingerstyle guitar,9049,0,10,108
playing fingerstyle guitar,15024,0,10,108
playing fingerstyle guitar,17635,0,10,108
playing fingerstyle guitar,12680,0,8,108
playing fingerstyle guitar,25537,0,10,108
playing fingerstyle guitar,6114,0,10,108
playing fingerstyle guitar,22810,0,10,108
playing fingerstyle guitar,6630,0,10,108
playing fingerstyle guitar,12362,0,10,108
playing fingerstyle guitar,4634,0,10,108
playing fingerstyle guitar,11107,0,10,108
playing fingerstyle guitar,10528,2,10,108
playing fingerstyle guitar,19932,0,10,108
playing fingerstyle guitar,15558,0,10,108
playing fingerstyle guitar,26636,8,10,108
playing fingerstyle guitar,26705,0,10,108
playing fingerstyle guitar,4946,0,10,108
playing fingerstyle guitar,15022,0,10,108
playing fingerstyle guitar,19036,0,10,108
playing fingerstyle guitar,15019,0,10,108
playing fingerstyle guitar,20073,0,10,108
playing fingerstyle guitar,24716,0,10,108
playing fingerstyle guitar,12600,0,10,108
playing fingerstyle guitar,22809,0,10,108
playing fingerstyle guitar,17755,0,10,108
playing fingerstyle guitar,22133,0,10,108
playing fingerstyle guitar,7722,0,10,108
playing fingerstyle guitar,8188,0,10,108
playing fingerstyle guitar,14160,0,10,108
playing fingerstyle guitar,18126,0,10,108
meowing,22695,0,10,113
meowing,18065,1,4,113
meowing,11483,4,6,113
meowing,19408,0,2,113
meowing,6217,1,10,113
meowing,11000,0,10,113
meowing,7900,7,10,113
meowing,23903,0,10,113
meowing,16173,0,7,113
meowing,17366,0,10,113
meowing,17377,3,10,113
meowing,21471,3,10,113
meowing,27311,0,10,113
meowing,13816,0,10,113
meowing,18415,0,10,113
meowing,27746,0,10,113
meowing,8821,0,10,113
meowing,27416,3,7,113
meowing,12146,2,8,113
meowing,5161,0,10,113
meowing,7934,0,10,113
meowing,18416,0,10,113
meowing,22115,3,7,113
meowing,8696,0,10,113
meowing,15668,0,2,113
meowing,17705,3,4,113
meowing,6162,0,7,113
meowing,5084,2,10,113
meowing,27395,4,6,113
meowing,11977,0,1,113
meowing,11018,0,9,113
meowing,11028,0,10,113
meowing,10846,0,9,113
meowing,7130,0,10,113
meowing,21836,3,7,113
meowing,11222,5,10,113
meowing,16172,4,10,113
meowing,5162,0,10,113
meowing,5898,0,10,113
meowing,14495,1,10,113
meowing,15476,1,7,113
meowing,8695,2,10,113
cutting with a circular saw,302,1,10,20
cutting with a circular saw,21674,4,6,20
cutting with a circular saw,7569,1,9,20
cutting with a circular saw,7538,5,10,20
cutting with a circular saw,27310,2,8,20
cutting with a circular saw,26508,0,3,20
cutting with a circular saw,5534,0,8,20
cutting with a circular saw,18047,0,9,20
cutting with a circular saw,21593,0,10,20
cutting with a circular saw,27865,0,10,20
cutting with a circular saw,26631,1,9,20
cutting with a circular saw,11882,0,10,20
cutting with a circular saw,8295,4,10,20
cutting with a circular saw,21594,0,10,20
cutting with a circular saw,19390,0,7,20
cutting with a circular saw,25482,2,10,20
cutting with a circular saw,6812,1,10,20
cutting with a circular saw,26613,0,10,20
cutting with a circular saw,15537,3,10,20
cutting with a circular saw,7539,0,5,20
cutting with a circular saw,9294,7,9,20
cutting with a circular saw,143,5,10,20
cutting with a circular saw,27508,2,9,20
cutting with a circular saw,19419,2,10,20
cutting with a circular saw,27333,0,10,20
cutting with a circular saw,14741,0,10,20
cutting with a circular saw,14062,0,9,20
cutting with a circular saw,10281,0,10,20
cutting with a circular saw,27819,0,4,20
cutting with a circular saw,5531,0,10,20
cutting with a circular saw,11073,0,8,20
cutting with a circular saw,14563,2,8,20
cutting with a circular saw,15758,3,6,20
cutting with a circular saw,8898,6,10,20
cutting with a circular saw,21599,0,10,20
cutting with a circular saw,24383,2,10,20
cutting with a circular saw,21344,0,7,20
cutting with a circular saw,714,0,10,20
cutting with a circular saw,27334,0,4,20
cutting with a circular saw,15622,7,10,20
cutting with a circular saw,12862,0,10,20
cutting with a circular saw,22282,3,7,20
cutting with a circular saw,6301,0,8,20
cutting with a circular saw,21847,0,10,20
cutting with a circular saw,14837,0,10,20
cutting with a circular saw,20782,4,7,20
cutting with a circular saw,12364,0,3,20
cutting with a circular saw,27684,2,10,20
cutting with a circular saw,27022,1,4,20
cutting with a circular saw,15538,0,7,20
cutting with a circular saw,26389,8,10,20
cutting with a circular saw,7148,0,10,20
cutting with a circular saw,26464,4,6,20
cutting with a circular saw,22666,0,10,20
cutting with a circular saw,9533,4,6,20
cutting with a circular saw,27265,3,7,20
cutting with a circular saw,18628,3,10,20
cutting with a circular saw,19388,3,10,20
cutting with a circular saw,11441,3,7,20
cutting with a circular saw,14434,3,10,20
cutting with a circular saw,21921,2,8,20
cutting with a circular saw,230,1,9,20
cutting with a circular saw,24384,0,10,20
cutting with a circular saw,4112,8,10,20
cutting with a circular saw,5530,0,10,20
cutting with a circular saw,25202,5,10,20
cutting with a circular saw,27309,7,10,20
cutting with a circular saw,14782,2,5,20
cutting with a circular saw,7504,0,6,20
cutting with a circular saw,27525,4,6,20
cutting with a circular saw,4843,0,10,20
cutting with a circular saw,27007,2,8,20
cutting with a circular saw,27685,0,8,20
cutting with a circular saw,10515,7,10,20
cutting with a circular saw,7554,0,10,20
cutting with a circular saw,15396,0,10,20
cutting with a circular saw,12824,1,9,20
cutting with a circular saw,18530,2,8,20
cutting with a circular saw,18858,0,10,20
cutting with a circular saw,1155,5,6,20
cutting with a circular saw,5443,4,10,20
cutting with a circular saw,5510,2,10,20
cutting with a circular saw,10279,0,10,20
cutting with a circular saw,19799,0,10,20
cutting with a circular saw,27815,0,10,20
cutting with a circular saw,14279,3,10,20
cutting with a circular saw,8807,0,5,20
cutting with a circular saw,8857,2,8,20
cutting with a circular saw,27818,1,10,20
cutting with a circular saw,27428,0,10,20
cutting with a circular saw,13321,3,7,20
cutting with a circular saw,409,1,9,20
cutting with a circular saw,8663,1,10,20
cutting with a circular saw,16840,1,10,20
cutting with a circular saw,12899,0,10,20
cutting with a circular saw,9951,0,10,20
cutting with a circular saw,5511,0,10,20
cutting with a circular saw,5455,0,10,20
cutting with a circular saw,23308,2,8,20
cutting with a circular saw,7553,0,10,20
cutting with a circular saw,15623,0,7,20
cutting with a circular saw,23972,3,10,20
cutting with a circular saw,10280,0,10,20
cutting with a circular saw,14670,3,10,20
cutting with a circular saw,5454,0,10,20
cutting with a circular saw,19865,0,6,20
cutting with a circular saw,6813,0,9,20
cutting with a circular saw,22698,2,8,20
cutting with a circular saw,5018,1,9,20
cutting with a circular saw,4391,0,10,20
cutting with a circular saw,7552,0,10,20
cutting with a circular saw,13879,2,10,20
playing flute,9125,0,10,4
playing flute,1819,3,10,4
playing flute,16989,3,10,4
playing flute,19350,0,10,4
playing flute,3274,0,10,4
playing flute,15474,0,10,4
playing flute,10074,0,10,4
playing flute,19351,0,10,4
playing flute,4972,0,8,4
playing flute,2626,0,10,4
playing flute,3815,0,9,4
playing flute,18912,0,10,4
playing flute,24181,0,10,4
playing flute,3483,0,10,4
playing flute,24105,0,10,4
playing flute,1864,0,10,4
playing flute,2279,0,10,4
playing flute,9743,0,10,4
playing flute,489,0,10,4
playing flute,8170,4,10,4
playing flute,2278,1,10,4
playing flute,3091,0,10,4
playing flute,2583,0,10,4
playing flute,17087,0,10,4
playing flute,3543,0,10,4
playing flute,15033,0,10,4
playing flute,15258,4,10,4
playing flute,6485,0,10,4
playing flute,2185,0,10,4
playing flute,11145,0,7,4
playing flute,18837,0,10,4
playing flute,24179,3,10,4
playing flute,2623,0,10,4
playing flute,4326,0,10,4
playing flute,2186,0,10,4
playing flute,24488,0,10,4
playing flute,10105,0,10,4
playing flute,14716,3,10,4
playing flute,16086,1,10,4
playing flute,8991,0,10,4
playing flute,2782,0,10,4
playing flute,16738,0,10,4
playing flute,4432,0,10,4
playing flute,10108,0,10,4
playing flute,1870,0,10,4
playing flute,24180,0,10,4
playing flute,16667,0,10,4
playing flute,3480,4,10,4
playing flute,2886,0,10,4
playing flute,8918,0,10,4
playing flute,2798,0,10,4
playing flute,23235,0,10,4
playing flute,2783,0,10,4
playing flute,2684,0,10,4
playing flute,2281,0,10,4
playing flute,2582,0,10,4
playing flute,6440,1,10,4
playing flute,2857,0,4,4
playing flute,11143,0,10,4
playing flute,9443,0,8,4
playing flute,3294,0,10,4
playing flute,23521,0,10,4
playing flute,7810,1,9,4
playing flute,3912,0,10,4
playing flute,2437,0,10,4
playing flute,3513,0,10,4
playing flute,3292,0,10,4
playing flute,18911,0,10,4
playing flute,8212,1,10,4
playing flute,7186,0,10,4
playing flute,6442,0,10,4
playing flute,17086,0,10,4
playing flute,7571,0,10,4
playing flute,2436,0,10,4
playing flute,2856,0,10,4
playing flute,16739,0,10,4
playing flute,18835,0,10,4
playing flute,2611,0,10,4
playing flute,24104,0,10,4
playing flute,12496,0,10,4
playing flute,1701,0,10,4
playing flute,8917,5,10,4
playing flute,1619,0,10,4
playing flute,24106,0,10,4
playing flute,16990,0,10,4
playing flute,13577,0,10,4
playing flute,13579,0,10,4
playing flute,2280,0,10,4
playing flute,1974,0,10,4
playing flute,4435,0,10,4
playing flute,4434,0,10,4
playing flute,4325,0,10,4
playing flute,13045,0,10,4
playing flute,6399,0,10,4
playing flute,13945,0,10,4
playing flute,7394,0,10,4
playing flute,18770,0,10,4
playing flute,16668,0,10,4
playing flute,4931,0,10,4
playing flute,19794,0,10,4
playing flute,16736,3,10,4
playing flute,8989,4,10,4
playing flute,13943,0,10,4
playing flute,18586,0,10,4
playing flute,3828,2,10,4
playing flute,1157,5,10,4
playing flute,16299,0,10,4
playing flute,16991,0,10,4
playing flute,1620,0,10,4
playing flute,15132,0,10,4
playing flute,13008,0,10,4
playing flute,11141,4,10,4
playing flute,3291,1,10,4
playing flute,6484,0,10,4
playing flute,13005,0,10,4
playing flute,6398,0,10,4
playing flute,2683,1,10,4
playing flute,15879,0,10,4
playing flute,1975,0,10,4
playing flute,432,0,10,4
flying remote control drone,1659,0,10,48
flying remote control drone,26806,0,9,48
flying remote control drone,13886,0,9,48
flying remote control drone,1750,0,10,48
flying remote control drone,3449,0,10,48
flying remote control drone,20203,0,7,48
flying remote control drone,14318,0,10,48
flying remote control drone,23367,2,8,48
flying remote control drone,1658,4,10,48
flying remote control drone,15600,0,10,48
flying remote control drone,26805,0,10,48
flying remote control drone,26675,3,10,48
flying remote control drone,17479,0,10,48
flying remote control drone,23048,8,10,48
flying remote control drone,16698,9,10,48
flying remote control drone,17157,2,8,48
flying remote control drone,10952,3,7,48
flying remote control drone,23173,1,10,48
flying remote control drone,1661,0,10,48
flying remote control drone,5619,0,10,48
flying remote control drone,5620,0,10,48
flying remote control drone,8843,0,4,48
flying remote control drone,26399,0,10,48
flying remote control drone,1653,4,10,48
flying remote control drone,26398,0,10,48
flying remote control drone,19299,0,9,48
flying remote control drone,1748,0,10,48
flying remote control drone,8002,0,10,48
flying remote control drone,15597,4,10,48
flying remote control drone,24168,0,10,48
flying remote control drone,10879,3,10,48
flying remote control drone,7532,0,10,48
flying remote control drone,3534,0,10,48
flying remote control drone,10412,4,6,48
flying remote control drone,20620,9,10,48
flying remote control drone,17475,0,10,48
flying remote control drone,20645,0,10,48
flying remote control drone,24333,1,10,48
flying remote control drone,20200,0,10,48
flying remote control drone,1657,0,10,48
flying remote control drone,15277,0,10,48
flying remote control drone,21216,0,10,48
flying remote control drone,14777,0,10,48
flying remote control drone,16699,0,10,48
flying remote control drone,7531,1,10,48
flying remote control drone,17478,0,10,48
flying remote control drone,25924,0,10,48
flying remote control drone,10232,3,7,48
flying remote control drone,20202,0,10,48
flying remote control drone,6262,0,9,48
flying remote control drone,4428,0,10,48
flying remote control drone,15275,0,10,48
flying remote control drone,20646,0,6,48
flying remote control drone,23212,1,9,48
flying remote control drone,6261,1,10,48
flying remote control drone,26804,0,10,48
flying remote control drone,24334,0,10,48
flying remote control drone,2875,0,10,48
flying remote control drone,2874,0,10,48
flying remote control drone,24335,0,10,48
flying remote control drone,24707,0,10,48
flying remote control drone,24170,0,8,48
flying remote control drone,23613,2,10,48
flying remote control drone,18754,0,7,48
flying remote control drone,1675,1,9,48
flying remote control drone,26400,0,10,48
flying remote control drone,3531,0,10,48
flying remote control drone,46,3,10,48
flying remote control drone,12131,3,7,48
flying remote control drone,2946,1,9,48
flying remote control drone,1993,0,8,48
flying remote control drone,2877,0,10,48
flying remote control drone,16016,0,3,48
flying remote control drone,10316,0,10,48
flying remote control drone,4429,0,5,48
flying remote control drone,5623,0,10,48
flying remote control drone,3446,0,10,48
flying remote control drone,430,0,10,48
flying remote control drone,15276,0,10,48
flying remote control drone,20201,0,10,48
flying remote control drone,1992,2,10,48
flying remote control drone,429,0,10,48
flying remote control drone,21215,0,10,48
flying remote control drone,2878,0,10,48
flying remote control drone,14778,0,5,48
flying remote control drone,23001,0,6,48
flying remote control drone,3223,0,10,48
flying remote control drone,196,1,9,48
flying remote control drone,3922,4,6,48
flying remote control drone,3450,0,10,48
flying remote control drone,25127,0,10,48
flying remote control drone,18513,0,7,48
flying remote control drone,24167,0,10,48
flying remote control drone,24149,5,10,48
flying remote control drone,1660,0,10,48
flying remote control drone,1655,0,10,48
flying remote control drone,7533,0,7,48
flying remote control drone,13481,0,9,48
flying remote control drone,15274,0,10,48
flying remote control drone,3533,0,10,48
flying remote control drone,19321,2,8,48
flying remote control drone,24150,0,5,48
flying remote control drone,6586,0,7,48
flying remote control drone,15599,0,10,48
flying remote control drone,17477,0,10,48
flying remote control drone,3222,0,10,48
flying remote control drone,1662,0,10,48
flying remote control drone,24709,0,2,48
flying remote control drone,24166,0,10,48
flying remote control drone,1656,0,10,48
flying remote control drone,16351,0,10,48
flying remote control drone,20644,4,10,48
flying remote control drone,23174,0,9,48
flying remote control drone,2873,0,10,48
flying remote control drone,26401,0,8,48
flying remote control drone,14506,0,8,48
flying remote control drone,10145,5,10,48
flying remote control drone,3127,2,8,48
flying remote control drone,10536,1,10,48
flying remote control drone,4427,0,10,48
flying remote control drone,4014,0,10,48
flying remote control drone,5621,0,10,48
flying remote control drone,8842,0,10,48
flying remote control drone,3535,0,8,48
riding a motorcycle (excluding drifting),6105,0,1,19
riding a motorcycle (excluding drifting),4059,0,10,19
riding a motorcycle (excluding drifting),15153,0,10,19
riding a motorcycle (excluding drifting),14973,0,10,19
riding a motorcycle (excluding drifting),27481,0,10,19
riding a motorcycle (excluding drifting),13932,5,10,19
riding a motorcycle (excluding drifting),15361,0,8,19
riding a motorcycle (excluding drifting),23079,0,5,19
riding a motorcycle (excluding drifting),13926,0,10,19
riding a motorcycle (excluding drifting),12860,0,10,19
riding a motorcycle (excluding drifting),5789,0,10,19
riding a motorcycle (excluding drifting),15359,2,10,19
riding a motorcycle (excluding drifting),15655,6,10,19
riding a motorcycle (excluding drifting),17801,0,10,19
riding a motorcycle (excluding drifting),7308,3,10,19
riding a motorcycle (excluding drifting),4514,0,10,19
riding a motorcycle (excluding drifting),21241,1,9,19
riding a motorcycle (excluding drifting),27660,6,10,19
riding a motorcycle (excluding drifting),17800,0,10,19
riding a motorcycle (excluding drifting),5380,0,10,19
riding a motorcycle (excluding drifting),382,0,7,19
riding a motorcycle (excluding drifting),15874,3,9,19
riding a motorcycle (excluding drifting),4358,3,7,19
riding a motorcycle (excluding drifting),1706,5,10,19
riding a motorcycle (excluding drifting),24355,0,10,19
riding a motorcycle (excluding drifting),21697,0,4,19
riding a motorcycle (excluding drifting),18866,0,10,19
riding a motorcycle (excluding drifting),26959,0,10,19
riding a motorcycle (excluding drifting),16724,0,3,19
riding a motorcycle (excluding drifting),25230,0,10,19
riding a motorcycle (excluding drifting),25423,0,10,19
riding a motorcycle (excluding drifting),531,0,10,19
riding a motorcycle (excluding drifting),11208,1,10,19
riding a motorcycle (excluding drifting),5114,0,10,19
riding a motorcycle (excluding drifting),530,8,10,19
riding a motorcycle (excluding drifting),10517,0,6,19
riding a motorcycle (excluding drifting),25089,4,10,19
riding a motorcycle (excluding drifting),19565,0,10,19
riding a motorcycle (excluding drifting),3015,0,10,19
riding a motorcycle (excluding drifting),10296,3,10,19
riding a motorcycle (excluding drifting),5320,3,7,19
riding a motorcycle (excluding drifting),3610,0,10,19
riding a motorcycle (excluding drifting),25422,0,10,19
riding a motorcycle (excluding drifting),13482,0,10,19
riding a motorcycle (excluding drifting),19148,0,10,19
riding a motorcycle (excluding drifting),10027,6,10,19
riding a motorcycle (excluding drifting),4606,0,10,19
riding a motorcycle (excluding drifting),21844,4,10,19
riding a motorcycle (excluding drifting),12859,0,10,19
riding a motorcycle (excluding drifting),19149,0,10,19
riding a motorcycle (excluding drifting),18328,7,10,19
riding a motorcycle (excluding drifting),6775,0,10,19
riding a motorcycle (excluding drifting),18796,2,8,19
riding a motorcycle (excluding drifting),4534,5,10,19
riding a motorcycle (excluding drifting),5113,0,10,19
riding a motorcycle (excluding drifting),23595,0,6,19
riding a motorcycle (excluding drifting),4117,0,10,19
riding a motorcycle (excluding drifting),10998,3,6,19
riding a motorcycle (excluding drifting),4607,0,10,19
riding a motorcycle (excluding drifting),4956,0,10,19
riding a motorcycle (excluding drifting),13680,4,6,19
riding a motorcycle (excluding drifting),5536,4,6,19
riding a motorcycle (excluding drifting),27649,0,10,19
riding a motorcycle (excluding drifting),24171,4,8,19
riding a motorcycle (excluding drifting),19018,4,6,19
riding a motorcycle (excluding drifting),465,5,10,19
riding a motorcycle (excluding drifting),12294,2,10,19
riding a motorcycle (excluding drifting),17802,0,10,19
riding a motorcycle (excluding drifting),10051,0,10,19
auto racing,8366,0,3,69
auto racing,10897,0,10,69
auto racing,11637,0,8,69
auto racing,14710,0,10,69
auto racing,5251,0,10,69
auto racing,6443,0,10,69
auto racing,15058,0,10,69
auto racing,21110,0,6,69
auto racing,13442,0,10,69
auto racing,19503,0,10,69
auto racing,9184,1,10,69
auto racing,7152,0,5,69
auto racing,19504,0,10,69
auto racing,2291,0,10,69
auto racing,26319,0,10,69
auto racing,218,0,10,69
auto racing,13425,0,10,69
auto racing,21792,0,10,69
auto racing,18482,0,10,69
auto racing,14124,0,10,69
auto racing,7003,0,10,69
auto racing,6444,0,10,69
auto racing,18203,1,4,69
auto racing,18806,0,10,69
auto racing,7387,0,2,69
auto racing,9658,3,7,69
auto racing,3594,0,10,69
auto racing,225,0,10,69
auto racing,25181,0,10,69
auto racing,19505,0,10,69
auto racing,17523,0,7,69
auto racing,3778,0,10,69
auto racing,217,0,10,69
auto racing,5968,0,10,69
auto racing,8206,0,10,69
auto racing,25245,0,10,69
auto racing,17442,0,10,69
auto racing,24711,0,3,69
auto racing,24023,0,9,69
auto racing,228,0,10,69
auto racing,508,0,10,69
auto racing,13424,0,10,69
auto racing,26318,0,10,69
auto racing,12817,0,4,69
auto racing,18485,0,10,69
auto racing,13136,0,8,69
auto racing,25488,4,6,69
auto racing,15543,0,10,69
auto racing,12235,0,7,69
auto racing,18969,0,10,69
auto racing,16214,0,10,69
auto racing,24022,1,10,69
auto racing,18944,0,10,69
auto racing,8205,0,10,69
auto racing,7835,3,7,69
auto racing,226,0,10,69
auto racing,8364,0,10,69
auto racing,12725,0,10,69
auto racing,24187,2,10,69
auto racing,507,0,10,69
auto racing,18480,0,10,69
auto racing,224,0,10,69
auto racing,2610,0,10,69
auto racing,6445,0,10,69
auto racing,18805,0,10,69
auto racing,1603,0,10,69
auto racing,15548,0,10,69
auto racing,12727,0,10,69
auto racing,15542,4,10,69
auto racing,216,0,10,69
auto racing,25244,0,10,69
auto racing,25241,3,10,69
auto racing,26390,3,6,69
auto racing,10136,0,10,69
auto racing,23526,0,3,69
auto racing,19501,0,10,69
auto racing,19342,0,10,69
auto racing,39,4,10,69
auto racing,24081,3,7,69
auto racing,223,0,10,69
auto racing,3775,0,10,69
auto racing,14804,4,6,69
auto racing,23747,0,10,69
auto racing,22567,3,8,69
auto racing,13346,0,10,69
auto racing,15090,3,7,69
auto racing,2043,0,9,69
auto racing,18803,0,10,69
auto racing,8204,0,10,69
auto racing,15544,0,10,69
auto racing,25204,0,2,69
auto racing,12726,0,10,69
auto racing,9833,0,10,69
auto racing,18945,0,10,69
auto racing,19196,0,3,69
auto racing,17522,0,10,69
auto racing,17440,0,10,69
auto racing,14433,4,6,69
auto racing,19506,0,10,69
auto racing,11082,0,10,69
auto racing,40,0,7,69
auto racing,6446,0,10,69
auto racing,10135,0,10,69
auto racing,18958,0,10,69
auto racing,23748,0,5,69
auto racing,3777,0,10,69
auto racing,18481,0,10,69
auto racing,15547,0,10,69
auto racing,3776,0,10,69
auto racing,25242,0,10,69
auto racing,15546,0,10,69
auto racing,17441,0,10,69
auto racing,18968,4,10,69
auto racing,2289,0,10,69
auto racing,11234,0,10,69
auto racing,8203,0,10,69
auto racing,13134,2,10,69
auto racing,24468,0,10,69
auto racing,25243,0,10,69
auto racing,12724,0,10,69
auto racing,18959,0,10,69
train running,21140,0,10,116
train running,25897,0,10,116
train running,26838,0,10,116
train running,20275,0,10,116
train running,27329,0,10,116
train running,15046,0,10,116
train running,20355,0,10,116
train running,25898,0,10,116
train running,9894,0,10,116
train running,9486,0,10,116
train running,14562,0,10,116
train running,27258,0,10,116
train running,14902,0,6,116
train running,2989,0,10,116
train running,27174,0,10,116
train running,27126,0,10,116
train running,27672,0,10,116
train running,16693,0,10,116
train running,14735,0,10,116
train running,21463,0,10,116
train running,9762,0,10,116
train running,23663,0,6,116
train running,12618,5,10,116
train running,22432,0,10,116
train running,26839,0,10,116
train running,12456,0,10,116
train running,20037,0,10,116
train running,27486,0,10,116
train running,11046,0,10,116
train running,15042,0,10,116
train running,11378,0,10,116
train running,12252,0,10,116
train running,20354,0,10,116
train running,20041,0,5,116
train running,7070,0,10,116
train running,20427,0,10,116
train running,27177,0,10,116
train running,10707,0,10,116
train running,15522,0,10,116
train running,12382,0,10,116
train running,3146,0,10,116
train running,7484,1,10,116
train running,19068,0,10,116
train running,27260,0,10,116
train running,16967,0,10,116
train running,14900,0,10,116
train running,16679,0,10,116
train running,10567,4,10,116
train running,18396,0,10,116
train running,5394,0,10,116
train running,26837,0,10,116
train running,21603,0,10,116
train running,8353,0,10,116
train running,13162,0,10,116
train running,20111,0,10,116
train running,14151,0,10,116
train running,19722,0,10,116
train running,11116,0,9,116
train running,27485,0,10,116
train running,14452,0,10,116
train running,10668,0,10,116
train running,754,0,10,116
train running,27598,0,10,116
train running,27826,0,10,116
train running,28067,0,10,116
train running,11454,3,10,116
train running,16969,0,10,116
train running,12475,0,10,116
train running,4578,0,10,116
train running,7299,0,10,116
train running,13159,3,10,116
train running,11115,0,10,116
train running,27173,1,10,116
train running,20109,0,10,116
train running,10706,8,10,116
train running,6121,0,10,116
train running,9396,0,10,116
train running,7069,0,10,116
train running,19708,0,10,116
train running,11455,0,10,116
train running,18734,0,3,116
train running,21464,0,10,116
train running,14901,0,10,116
train running,18400,0,10,116
train running,12473,0,10,116
train running,14811,0,10,116
train running,20040,0,10,116
train running,19700,0,10,116
train running,20039,0,10,116
train running,14153,0,10,116
train running,7791,2,8,116
train running,14814,0,10,116
train running,16882,4,10,116
train running,20108,0,10,116
train running,12472,0,10,116
train running,19069,0,10,116
train running,14154,0,10,116
train running,19704,0,10,116
train running,16680,0,10,116
train running,7068,0,10,116
train running,12619,0,9,116
train running,19808,0,10,116
train running,26673,1,10,116
train running,12251,0,10,116
train running,10861,0,6,116
train running,12249,0,10,116
train running,13160,0,10,116
train running,19721,0,10,116
train running,15523,0,10,116
train running,1687,0,10,116
train running,16694,0,10,116
train running,26674,0,9,116
train running,14379,0,3,116
train running,9979,3,10,116
train running,9765,0,10,116
train running,23661,4,10,116
train running,14734,0,10,116
train running,27259,0,10,116
train running,21059,0,10,116
train running,7072,0,10,116
train running,2137,0,10,116
train running,27828,0,10,116
train running,9763,0,10,116
playing ukulele,22585,0,10,10
playing ukulele,24806,0,10,10
playing ukulele,239,1,10,10
playing ukulele,23018,0,10,10
playing ukulele,12924,0,10,10
playing ukulele,27409,0,10,10
playing ukulele,21629,0,10,10
playing ukulele,13514,0,10,10
playing ukulele,25473,0,10,10
playing ukulele,17537,0,10,10
playing ukulele,20633,0,10,10
playing ukulele,26776,0,10,10
playing ukulele,1779,0,10,10
playing ukulele,13039,0,10,10
playing ukulele,22008,0,10,10
playing ukulele,23472,0,10,10
playing ukulele,18284,0,10,10
playing ukulele,26731,0,10,10
playing ukulele,17844,0,10,10
playing ukulele,27372,0,10,10
playing ukulele,19571,0,10,10
playing ukulele,11976,0,10,10
playing ukulele,22861,2,10,10
playing ukulele,27553,0,10,10
playing ukulele,26991,0,10,10
playing ukulele,11476,0,6,10
playing ukulele,19842,0,3,10
playing ukulele,27503,0,10,10
playing ukulele,1052,0,10,10
playing ukulele,20634,0,10,10
playing ukulele,16661,0,10,10
playing ukulele,26946,0,10,10
playing ukulele,12326,0,10,10
playing ukulele,27071,2,8,10
playing ukulele,1404,0,10,10
playing ukulele,22587,0,10,10
playing ukulele,23474,0,10,10
playing ukulele,696,0,10,10
playing ukulele,27504,0,10,10
playing ukulele,26047,0,10,10
playing ukulele,21813,1,10,10
playing ukulele,20692,2,10,10
playing ukulele,11579,0,10,10
playing ukulele,3079,0,10,10
playing ukulele,26049,0,10,10
playing ukulele,27786,0,2,10
playing ukulele,14065,0,10,10
playing ukulele,21379,0,10,10
playing ukulele,133,0,10,10
playing ukulele,6669,4,10,10
playing ukulele,27408,0,10,10
playing ukulele,20861,0,10,10
playing ukulele,17536,0,10,10
playing ukulele,21962,0,9,10
playing ukulele,22762,0,10,10
playing ukulele,1051,0,10,10
playing ukulele,26732,0,10,10
playing ukulele,1054,0,10,10
playing ukulele,25442,0,10,10
playing ukulele,12740,0,10,10
playing ukulele,6387,0,10,10
playing ukulele,3772,3,7,10
playing ukulele,27125,3,8,10
playing ukulele,23471,0,10,10
playing ukulele,12742,0,10,10
playing ukulele,1141,0,10,10
playing ukulele,27264,0,10,10
playing ukulele,27212,0,10,10
playing ukulele,8890,2,6,10
playing ukulele,1122,0,10,10
playing ukulele,1121,0,10,10
playing ukulele,18885,0,10,10
playing ukulele,12741,0,10,10
playing ukulele,3611,0,10,10
playing ukulele,21067,0,10,10
playing ukulele,26063,0,10,10
playing ukulele,17679,0,8,10
playing ukulele,27468,0,10,10
playing ukulele,26989,0,10,10
playing ukulele,3077,0,10,10
playing ukulele,27840,0,10,10
playing ukulele,24109,0,10,10
playing ukulele,136,0,10,10
playing ukulele,16659,4,10,10
playing ukulele,21811,0,10,10
playing ukulele,16799,0,10,10
playing ukulele,26064,0,10,10
playing ukulele,518,0,10,10
playing ukulele,12101,0,10,10
playing ukulele,21402,0,10,10
playing ukulele,6670,0,10,10
playing ukulele,23145,0,10,10
playing ukulele,22188,0,10,10
playing ukulele,12923,0,10,10
playing ukulele,517,0,10,10
playing ukulele,257,0,10,10
playing ukulele,27407,0,10,10
playing ukulele,23578,4,10,10
playing ukulele,21066,0,10,10
playing ukulele,16797,5,10,10
playing ukulele,135,0,10,10
playing ukulele,21628,0,10,10
playing ukulele,11827,0,10,10
playing ukulele,11577,1,10,10
playing ukulele,22056,0,10,10
playing ukulele,15423,2,10,10
playing ukulele,25472,3,10,10
playing ukulele,20632,0,10,10
playing ukulele,22186,0,10,10
playing ukulele,21380,0,10,10
playing ukulele,12925,0,10,10
playing ukulele,26988,3,10,10
playing ukulele,22583,0,10,10
playing ukulele,11796,4,10,10
