category_name,sample_id,onset,offset
Accordion,3bwwVglEWA0,6,10
Accordion,-g4i39nadkQ,0,10
Accordion,1oPiseY5V7k,0,10
Accordion,0FA_XUfoJ_0,0,10
Accordion,-1qyr-IzqKY,0,10
Accordion,1Mxp8x6oMLA,0,10
Accordion,1hpHdOhsYH8,0,10
Accordion,-wJ_UfBsiR0,0,10
Accordion,5msMrDJBc2k,0,10
Accordion,31hTm01pRWc,0,10
Accordion,4GfRuU0co_s,0,10
Accordion,5FrzM4rzrpM,0,5
Accordion,04iE2o1tI8A,0,10
Accordion,3lFpHntzsQk,8,10
Accordion,3V19BOXDtfw,0,10
Accordion,5u9QqiB08Fg,0,10
Accordion,606_sP5xcBE,5,10
Accordion,1lyeA4D3Jdg,0,10
Accordion,1PKD-E08Gjw,0,4
Accordion,11k9cuOKQp4,0,10
Accordion,3L-W2J58JIQ,0,10
Accordion,1_FTfTT2LAo,0,10
Accordion,4eMSFoyteEk,0,10
Accordion,1h_DLog2ShA,0,10
Accordion,0AHmq7QIw84,0,10
Accordion,3TgynDX3F24,0,10
Accordion,0XGHiumhpJk,3,9
Accordion,5bxBvNXyvMg,0,8
Accordion,0_wopBSgNhc,0,10
Accordion,4L__Qg_b6IE,0,7
Accordion,12oeAh4LY5M,0,8
Accordion,09C0k_WRvBs,2,10
Accordion,0Y1JH8PdHAA,0,10
Accordion,2f3Kovv6XRI,0,10
Accordion,57UBmQWiIAQ,0,10
Accordion,1oH-wBFq1W4,0,10
Accordion,120GV2XLt24,0,10
Accordion,-B9wAxd_V1Y,0,10
Accordion,1PgwxYCi-qE,0,10
Accordion,0Pk3d8Qn6p4,0,10
Accordion,4H6nq25DzFE,0,10
Accordion,0WMRsztTttc,0,3
Accordion,3l4HqVEHCEs,0,10
Accordion,6C57bZcFspA,8,10
Accordion,-5jfg4fqELw,0,7
Accordion,4Dpz0hDkzXU,3,7
Accordion,2VrHvYfwDJs,0,10
Accordion,-F53UmpWFVI,0,10
Accordion,0jInA3DyU5g,3,10
Accordion,62xEtryKV3c,0,6
Accordion,3wSDhSz2Vso,0,10
Accordion,4n8pYPmS5Qg,0,10
Accordion,307u3kydO_w,0,10
Accordion,1Qcxwho5ZLQ,0,10
Accordion,37OWeVIR4mY,0,10
Accordion,1xp2bkdhYTE,0,10
Accordion,1BonlocdKno,0,10
Accordion,2NXBlEASDaE,0,10
Accordion,09o2OwlUCGI,0,10
Accordion,2gKVPdwv_V0,3,10
Accordion,3WUg_23Of9M,0,10
Accordion,5z-8lQ4wcUU,0,10
Accordion,0WoZeAMSMvU,0,10
Accordion,-8vFWXOCKEo,0,10
Accordion,2gbZcKSZrIw,0,10
Accordion,4MaM8LiTnKI,2,8
Accordion,5csyeJ9nUS0,0,10
Accordion,5O8BDxtMyJA,7,10
Accordion,4sPa8dPpxQo,0,10
Accordion,59nR0HbNqqo,0,10
Accordion,5JXa2-I5sOM,0,10
Accordion,-KWCA1xtWMw,0,10
Accordion,0gdMrriLgq8,0,10
Accordion,5oMbn1p15Y8,0,10
Accordion,-KTh-902ahg,0,10
Accordion,654qgMz76aw,0,10
Accordion,0zlyBNNnMPQ,1,7
Accordion,1Hw3xjIJsL8,0,4
Accordion,3VwTd49SD20,1,10
Accordion,57A_SvVsXhs,0,10
Accordion,-Dqi6nNtnWI,0,10
Accordion,1A714kYO3-c,0,10
Accordion,5pKSeh4EVFM,0,3
Accordion,6OItIlBb3HE,5,10
Accordion,3ci1kPrKql0,0,3
Accordion,0OtOrR70M1A,0,10
Accordion,1zhF0576vOE,0,10
Accordion,1jY3hxEIoO8,1,6
Accordion,5G6475OUa2U,0,10
Accordion,1z95dJG7j_w,6,8
Accordion,5e4u9ZWa8-A,0,10
Accordion,03itl3k8gr0,0,10
Accordion,48lpcyiTxKc,0,10
Accordion,0AcaYTOIa70,0,10
Accordion,-SdAy1I4yMA,0,10
Accordion,5EFaFY2DC2g,0,10
Accordion,-yqNkR4S4F0,8,10
Accordion,-uC-9agJePc,0,10
Accordion,5vim6-ZYt3k,2,10
Accordion,0v6guMGfNSo,0,10
Accordion,2Lb6weWw8zI,0,10
Accordion,5UMC51-0gtY,0,10
Accordion,1WU5LO1iuAo,0,10
Accordion,3YbDIoaSToo,0,10
Accordion,-e-68LOpw8k,0,10
Accordion,56g7w0ILhR8,4,8
Accordion,4eA0l180YJ4,8,10
Acoustic guitar,-BYCPHzC_z4,0,10
Acoustic guitar,-2RgOtEurSs,0,10
Acoustic guitar,-09uCtwZOF0,0,10
Acoustic guitar,-BEsuk8TTPs,0,10
Acoustic guitar,-7pvEiaWAcY,0,10
Acoustic guitar,-7qHG9aDE4I,0,10
Acoustic guitar,-3TyrrbgEgQ,0,10
Acoustic guitar,-8Y4qrcnKv8,0,10
Acoustic guitar,-1v35Pyt2v8,0,10
Acoustic guitar,-1Fcf1ifAho,0,10
Acoustic guitar,-1WgjQJ8ZqQ,0,10
Acoustic guitar,-1rxHcRCiDo,0,10
Acoustic guitar,-AFx6goDrOw,0,10
Acoustic guitar,-6K98uVkJM0,0,10
Acoustic guitar,-1XBP-nZ1bQ,0,10
Acoustic guitar,-FHTei4cvBE,0,10
Acoustic guitar,-5j92zqG-Mw,0,10
Acoustic guitar,-C_bbuB-J24,0,10
Acoustic guitar,-5Ha9jY_hT4,0,10
Acoustic guitar,-5ZfWTfqVVo,0,10
Acoustic guitar,-6Z_lltrZ0w,0,10
Acoustic guitar,-AczMkg9mCg,0,10
Acoustic guitar,-4fL8AMnGQ4,0,10
Acoustic guitar,-9_5_2i4igQ,0,10
Acoustic guitar,-FgAkfgRrOE,0,10
Acoustic guitar,-A7_Doj8A9g,0,10
Acoustic guitar,-44qKBR8bGQ,0,10
Acoustic guitar,-CwVjwh63FU,0,10
Acoustic guitar,-AqrbMM5pI8,0,10
Acoustic guitar,--vNfjUwxnc,0,10
Acoustic guitar,-9Js3lP4vqs,0,10
Acoustic guitar,-FU3-n6XvbI,0,10
Acoustic guitar,-AWrX2EIY4g,0,10
Acoustic guitar,-AaLDAoJO14,0,10
Acoustic guitar,-7xhPQmYYTk,0,10
Acoustic guitar,-EJOUazJf_s,0,10
Acoustic guitar,--d2Z5qR4qQ,0,10
Acoustic guitar,-GlmbrP1Pn0,0,10
Acoustic guitar,-2TjevpJuAs,0,10
Acoustic guitar,-1Cc2sNYNIs,0,10
Acoustic guitar,-E0djSiyFNI,0,10
Acoustic guitar,-7rhcT3NNtY,0,10
Acoustic guitar,-GaIulg3Q8M,0,10
Acoustic guitar,-5ryAgjJabg,0,10
Acoustic guitar,-BmlgYVs6A0,0,10
Acoustic guitar,-6tJgFlNo-c,0,10
Acoustic guitar,-2q6kuuOdB0,0,10
Acoustic guitar,-EYEYe-31wQ,0,10
Acoustic guitar,-9GRE84DX2M,0,10
Acoustic guitar,-5rVfNxVJSY,0,10
Acoustic guitar,-F5wSJwBZjU,3,10
Acoustic guitar,-2zhRsW011k,0,10
Acoustic guitar,-6yqaqO4Jco,0,10
Acoustic guitar,--R7bBR7hE4,0,10
Acoustic guitar,-1Gj9qjFRVk,0,10
Acoustic guitar,-EXJqzF-Bf0,0,10
Acoustic guitar,-FkIhQI7TbA,0,10
Acoustic guitar,-11GfJ6UFV8,0,10
Acoustic guitar,-DSwrKDGI7c,0,10
Acoustic guitar,-ClhZuMx8EQ,0,10
Acoustic guitar,-BFcExBQfAk,0,10
Acoustic guitar,-2je75-0KNA,0,10
Acoustic guitar,--bSurT-1Ak,6,10
Acoustic guitar,-9hqBiuwp2Y,0,10
Acoustic guitar,--5zANFBYzQ,0,10
Acoustic guitar,-4ELUORuKtk,0,10
Acoustic guitar,-3MPnB4orhk,0,10
Acoustic guitar,-53uqygEU84,0,10
Acoustic guitar,-6hckVgS_vM,0,10
Acoustic guitar,--sbZ5YMSm4,0,8
Acoustic guitar,-COeFt-jaMU,0,10
Acoustic guitar,-8HqbAVQl24,0,10
Acoustic guitar,-4WYfLAz3zE,0,10
Acoustic guitar,-4lR3P0luWI,0,10
Acoustic guitar,-6kEOm8gx-0,0,10
Acoustic guitar,-6-fcqZjrmY,0,10
Acoustic guitar,-D0zH6poZbY,0,10
Acoustic guitar,-37uZp3L3vw,0,10
Acoustic guitar,-0pPRv4nAWM,0,10
Acoustic guitar,-1wShjRIMEI,0,10
Acoustic guitar,-A9iGSBs438,0,10
Acoustic guitar,-GWm7pRV15U,0,10
Acoustic guitar,-88FrdcLdkw,0,10
Acoustic guitar,-0Ghd8lbOmI,0,10
Acoustic guitar,-ENQiyOIcrc,0,10
Acoustic guitar,-E1zyCQE3es,0,10
Acoustic guitar,-0P3vxYiblU,0,10
Acoustic guitar,--JxAySnD3Y,0,10
Acoustic guitar,-DWrgPM-NSw,0,10
Acoustic guitar,--zF7ruOot0,0,10
Acoustic guitar,-Fduahpgt8I,0,10
Acoustic guitar,-5lX_xVW5oE,0,10
Acoustic guitar,-0oPui2fiaE,0,10
Acoustic guitar,-BpgDEXKdx4,0,10
Acoustic guitar,-9QKXS0LaDc,0,10
Acoustic guitar,-7z_g2ckXRo,0,10
Acoustic guitar,-6KRo2ZcQMY,0,10
Acoustic guitar,-BTqPaSanW4,0,10
Acoustic guitar,-3TA9Fns4rA,0,10
Acoustic guitar,-CYQmz5rlOA,0,10
Acoustic guitar,--fG9gtFqJ0,0,10
Acoustic guitar,-8-Hy0FO_go,0,10
Acoustic guitar,-EUup6JmUwA,0,10
Acoustic guitar,-1bPo4d-3Z0,0,10
Acoustic guitar,-8soqvqMMhY,0,10
Acoustic guitar,-64KicbcQt4,0,10
Acoustic guitar,-CoEDbrRDTM,0,10
Acoustic guitar,-FIGpCo9VoM,0,10
Acoustic guitar,-2BP7NAkFLk,0,10
Acoustic guitar,-51SjconobU,0,10
Acoustic guitar,-DzuaA0g024,0,10
Acoustic guitar,-5zWq2etKA8,0,10
Acoustic guitar,-C-nDsEzd74,0,10
Acoustic guitar,-EzgXKfh5Go,0,10
Acoustic guitar,-ECajBUMQQ0,0,10
Acoustic guitar,-33y0hmJOBk,0,10
Acoustic guitar,-DPoX0GdToU,0,10
Acoustic guitar,-88uaKN9R3k,0,10
Acoustic guitar,-0WZoijgWto,0,10
Acoustic guitar,-3sCvKgm0EA,3,10
Acoustic guitar,-GOdzI5nPfA,0,10
Acoustic guitar,-8lqS7ieWmc,0,10
Acoustic guitar,-4uh-n7z1XU,0,10
Acoustic guitar,-03879e6MhU,0,10
Acoustic guitar,-9Scslp_ROM,0,10
Acoustic guitar,-DgW3I5yBBE,0,10
Acoustic guitar,-DcdNHF8c6A,0,10
Acoustic guitar,-BnfUPLX1iM,0,10
Acoustic guitar,-D8gYcJNp3E,0,10
Acoustic guitar,-7OYJe6ioao,0,10
Cat,-8Vvk15NwpE,3,10
Cat,0mPGogIwkhk,8,10
Cat,0fbZ0tskFjw,0,10
Cat,0DtJdRFPmS4,0,10
Cat,06Mm032486Q,0,10
Cat,0cLM26AotU4,0,10
Cat,0NV_lqGSV2s,8,10
Cat,-HLTp7gPBEw,0,2
Cat,-Ivf63hDvzc,3,5
Cat,-U7-HXe1clg,2,4
Cat,0LvT0CnBxJg,1,6
Cat,0ZyO42c3QEE,0,10
Cat,-2BR7sVLPCE,1,4
Cat,-w3qkf-V-PY,6,10
Cat,-Hh5VlW3pFE,3,5
Cat,0JjBqqqpFQc,0,5
Cat,0kY6vhTc4yE,0,10
Cat,0F7yaWNgTGg,6,9
Cat,0ZZ_wdnsc10,0,10
Cat,0N1kcuX-OzU,0,10
Cat,0UFvA1tevQ8,0,3
Cat,141v5oRfUHM,2,10
Cat,07RqWEmSIzA,0,8
Cat,0iaK9Evi2_U,3,7
Cat,-D6DyrLZuQQ,2,10
Cat,-NrpfrEGq5w,0,10
Cat,0WLZoOhg4LE,0,10
Cat,-nUTC_TgRCk,0,10
Cat,-TYGdSo47xo,6,8
Cat,0-DNtl3i7D8,1,8
Cat,0KpBwr4IzrM,4,10
Cat,-vSHHbZKMXg,3,6
Cat,-opg33-301Y,6,10
Cat,0gbDQgRMlR4,0,8
Cat,0XMeGiszPYE,1,3
Cat,0JNJup0MbiM,2,5
Cat,0_kuKQlFKZg,0,10
Cat,16qY5bRnCIA,1,9
Cat,0lCzVYeJ8VY,3,5
Cat,-K4YNOAqf9E,0,4
Cat,0cH_NlhhMAs,2,5
Cat,0ylf1enGlGw,4,6
Chainsaw,92sTzXubUgQ,0,5
Chainsaw,0BMj7EIexwU,0,10
Chainsaw,52ZWWG4WnSw,2,10
Chainsaw,0hMZVFUXwHo,0,6
Chainsaw,6LqiQrUchhM,4,10
Chainsaw,-zNFhsPBWUM,0,10
Chainsaw,3Uxn1085Ld4,0,10
Chainsaw,-9ummbDsgFM,1,10
Chainsaw,4f1R36qriMc,1,10
Chainsaw,0IStDugr5uA,0,10
Chainsaw,1KyF6q2TTEA,0,10
Chainsaw,0j6rg-m7C5g,0,10
Chainsaw,6hS3y44hjrI,0,10
Chainsaw,-IBinZS3e2I,7,10
Chainsaw,7-18CoeAuA0,0,10
Chainsaw,5CkG2GTiK4M,0,10
Chainsaw,7YkRGfxAA8s,5,10
Chainsaw,384nku0gUe4,0,10
Chainsaw,-DVM0BK_h5A,0,10
Chainsaw,5HkTArPiX8E,1,10
Chainsaw,-MwY3HhnYVY,0,10
Chainsaw,8VbyyhCscVc,4,8
Chainsaw,-eV9hw6kPRU,0,10
Chainsaw,0NOfrBTZC_M,0,10
Chainsaw,83C1jdaWwSg,0,10
Chainsaw,7TRrkoz8iYw,0,8
Chainsaw,0ZJehw_Ug-g,2,7
Chainsaw,0dMJ7dlPzWs,0,10
Chainsaw,0o-iYXYbPCE,0,10
Chainsaw,2LL9rfu1PRg,0,10
Chainsaw,5jpVVYSD1gk,0,10
Chainsaw,8wQhYN24WMM,0,9
Chainsaw,1FF_PjIL4l4,0,10
Chainsaw,5F19VZEOOzc,0,6
Chainsaw,1CQR2Nh6ZaU,0,10
Chainsaw,8yBGrAo62iQ,0,10
Chainsaw,0M3AYnUPk4g,0,10
Chainsaw,2aQ4JPV-pBM,7,10
Chainsaw,-4w4BTgp3hk,0,2
Chainsaw,2vqn1vRl-No,0,10
Chainsaw,4kd99qbm25I,8,10
Chainsaw,3OO51tu979s,0,10
Chainsaw,08zhZZn29jc,0,4
Chainsaw,5kUXjphzr7U,0,4
Chainsaw,29y1jdo96jw,0,10
Chainsaw,0eXu0vIIMVc,2,4
Chainsaw,6-DAiSEzRA4,0,10
Chainsaw,6tXkKR9EU6w,0,3
Chainsaw,7nnOX-yZ-wE,0,10
Chainsaw,7Cm9bUZNVuk,0,10
Chainsaw,93C94T6TfhA,5,10
Chainsaw,22fW30DrCU8,0,10
Chainsaw,6XUTi0w3Wg0,0,10
Chainsaw,45RDZ3owtvY,0,7
Chainsaw,3sMa94JiLZI,2,8
Chainsaw,0UgbKFIfyGY,0,6
Chainsaw,7K40HZUhoqs,5,10
Chainsaw,7eAIvG3uFjo,0,10
Chainsaw,2GfYNfKtpK0,0,10
Chainsaw,0m-tnleCDEE,0,9
Chainsaw,7ckyVndW6R8,0,10
Chainsaw,5mKfMbsjeAs,0,10
Chainsaw,1xg5haxzjFQ,0,10
Chainsaw,6Z1eAbekeLg,2,10
Chainsaw,610TuLNPepE,0,10
Chainsaw,1ur8hokq-Cs,1,10
Chainsaw,8NY3TWbkg3I,0,10
Chainsaw,-8S9TKWIOSc,0,10
Chainsaw,33SlPXN3NPk,0,2
Chainsaw,0tray-DsgLA,1,3
Chainsaw,5J0IFzqU9-E,0,10
Chainsaw,7bgTxPSZ2-o,8,10
Chainsaw,-ZkNKo9mEFI,0,3
Chainsaw,5bM3Syf1KN0,5,10
Chainsaw,0rbECchexqE,0,10
Chainsaw,-eztaN83LCY,5,10
Chainsaw,48h1ibWL_8c,0,10
Chainsaw,0BD5ripk7SQ,0,10
Chainsaw,73mQmyZZsSw,2,10
Chainsaw,5jPxN86-2P0,7,10
Chainsaw,0knV4q5Sx_c,5,10
Chainsaw,0s0FLwW_Zsk,0,10
Chainsaw,24ywlO1l1mE,0,10
Chainsaw,-R69Fa-mCaY,0,4
Chainsaw,8YjckYU7TzI,0,10
Chainsaw,-JFnkRrPLBM,6,9
Chainsaw,-Jy1RH9XZz0,3,10
Chainsaw,66-n0kgMDfM,0,10
Chainsaw,32QJbdusIQw,0,10
Chainsaw,2kqRYTWKKIk,4,10
Chainsaw,1SAw44hg6sg,0,8
Chainsaw,4IXh4lRq_Hs,0,10
Chainsaw,18NpKwKl6Rk,0,10
Chainsaw,-lq97ErUIZQ,0,10
Chainsaw,0QZ-JK2Ch4E,0,10
Chainsaw,5NqpmNqPDeQ,0,10
Chainsaw,-zHk3s6BkpA,0,10
Chainsaw,5a_LPLNtBQs,0,10
Chainsaw,0fjrDsLr_aE,0,10
Chainsaw,7CoLnTZn774,6,10
Chainsaw,26BA6rIKjvk,6,9
Chainsaw,5CWAf-BtBCQ,0,10
Chainsaw,-HDFlW6kofA,3,10
Chainsaw,4lytS3VyzTI,0,10
Chainsaw,2IyjdEYNwnY,0,10
Chainsaw,4YPYs-bHaR4,0,10
Chainsaw,6-WxHsmNta8,0,10
Chainsaw,-RNbb1ZTu8Y,5,10
Chainsaw,-X4IN3lxjWk,4,10
Chainsaw,-GnKRy1-NFo,0,10
Chainsaw,8PEb0vP7xWc,0,10
Chainsaw,7EJ1TlhoFKc,0,10
Flute,-G4PtM_9GWY,0,10
Flute,-9X3h2WLxEo,5,10
Flute,-7f3Jc2itJ0,0,10
Flute,2BjUyKgD-8w,0,10
Flute,-w6CrjqhlfU,0,10
Flute,1VAkPqd10bg,0,10
Flute,1-MTST2LHvI,0,10
Flute,0gvG0FT2JO4,0,10
Flute,0-I1-DOC-r8,0,10
Flute,0BvEqduxKS0,0,10
Flute,-4Y0LjkowqY,0,10
Flute,1Vv9OHA1lPw,0,10
Flute,0RIc6mwDRaQ,0,10
Flute,0dfquUiWARI,0,10
Flute,0BP5R5ADZko,0,10
Flute,-lfNkn9lZt4,0,10
Flute,22DapbNwnUY,0,5
Flute,02uvuZ2KlJA,0,10
Flute,03jRqksffAw,0,10
Flute,0QHxl_qa77U,0,10
Flute,-mHbsc2gctI,0,10
Flute,1YAwus2Z5CY,0,5
Flute,-JUE1yeH0FY,0,10
Flute,1mhn6Do2W2o,0,10
Flute,-UVOFRthq_c,0,10
Flute,1Uy5_ZcBqXY,0,10
Flute,-_JY_gVLNNQ,0,10
Flute,0B89rImrFoc,0,10
Flute,0DPGYHI0VAY,0,10
Flute,-_bm7VDAUo4,5,10
Flute,-rZxQqq2YpU,0,10
Flute,-nkcTTWWn2g,0,10
Flute,-O2NYN9A5I0,0,4
Flute,1t9dIA0lR-k,0,10
Flute,-3c95C5K-Rs,0,10
Flute,2JIQ5CHGhn8,0,10
Flute,0GUI0mNURGk,0,10
Flute,11sQB4lQ-VU,0,10
Flute,-8euC6mQGck,0,10
Flute,-ub8zdZ6YS8,0,10
Flute,1fioenvrmUQ,0,10
Flute,-HpCjiutVuE,4,10
Flute,-QMzUFcZM7w,0,10
Flute,02rnKVawh0E,0,10
Flute,-YmTTXFmlq8,0,10
Flute,0gTirOSN_i4,0,10
Flute,2GnUD9XypV8,0,10
Flute,0WKZxrxHxl0,0,10
Flute,1dmEcg2xcug,0,10
Flute,-e-ZVr_GYO4,0,10
Flute,-OdAfi6xZWM,0,10
Flute,-faXMDW9jUw,0,10
Flute,-bja0Dc1s7o,0,10
Flute,00rzcEOCB5U,0,10
Flute,-x6okg0mltw,0,10
Flute,-A3b9tZs-eE,0,10
Flute,20heCbODoEQ,0,10
Flute,1bGlVNcyZTg,0,10
Flute,13ZUFe58LH4,0,10
Flute,0-SnwMhYG1k,0,10
Flute,2CP8TX5HzeU,0,10
Flute,0nF7-MpTtGU,0,10
Flute,-h7I-CCgCbQ,0,10
Flute,0XREe1fQLHY,0,10
Flute,-jHHCTHxDp4,0,10
Flute,0gB3liqZO3Y,0,10
Flute,0Yk2jwVJCjk,0,10
Flute,-Fk62y-1WHo,0,10
Flute,19c36lShGlo,0,10
Flute,0BeK2AbDt3M,0,10
Flute,2EjcbMVMaz4,0,10
Flute,-O6JZg_THsc,0,10
Flute,1rCcmrAW9ns,0,10
Flute,142TlfBU5PY,0,10
Flute,0fsbhgjBvmM,0,10
Flute,-oXV2Idhvuw,0,10
Flute,-PP5Hx17amY,0,10
Flute,0ev7l1nkxQM,0,10
Flute,1Q0La5XzFq4,0,10
Flute,-oGtiSwccH0,0,10
Flute,2187lj8WdCo,0,10
Flute,1vFdPpeld54,0,10
Flute,1bjJ5yKlNwg,0,10
Flute,02IujCknWXY,0,10
Flute,0_ixmalQrig,0,10
Flute,1oUnMi52e9Q,5,10
Flute,1e-wZqDtiAM,0,10
Flute,2ADAPGLJJzk,0,10
Flute,0Joj06p-hNk,0,10
Flute,06OMekgtQkM,0,10
Flute,0HbpWijLnhQ,0,10
Flute,18EtDBfPK_I,0,10
Flute,-5MpRM5DfFI,0,10
Flute,2KIy7kcFs60,0,10
Flute,-4TJHvjsYrE,0,10
Flute,0sDQRjQ1fcg,0,10
Flute,0fB1C972a9s,0,10
Flute,-1UKhxopZpk,0,10
Flute,-sfV2dSHbiU,0,10
Flute,0LRrqxDqL6s,8,10
Flute,0JGADbfNJpg,0,10
Flute,0-QEJBXQ-e8,0,10
Flute,1_BLcC4Mr1E,0,10
Flute,0VAnPig3WLE,0,10
Flute,0g5nE-8EevA,0,10
Flute,1nEyvqO93kc,0,10
Flute,-E1Vroh3yh0,0,10
Flute,-pn6MtEWQKk,0,10
Flute,-xIQ2G2zWfc,0,10
Flute,-dKiaWqUJf0,0,10
Flute,1ECScX5ai4k,0,5
Flute,03NQmCrlsyY,0,10
Flute,0yc_iBaIIRQ,0,10
Flute,-Mw6aR_FTk0,0,10
Flute,-_wBqo5pn7U,0,10
Flute,1OcpIkB_Kio,0,10
Flute,0N4yv1wNM5Y,0,10
Flute,0bgXSHa41o4,0,10
Flute,0DyF9qIWY6s,0,10
Flute,-GK0GKqrr5c,0,10
Helicopter,BJr6qF5aEKs,3,10
Helicopter,6U1UM2ehgr0,0,10
Helicopter,8fpT6nvaEw4,0,10
Helicopter,FYBpc2RR7aI,0,10
Helicopter,0LO5TLbEQzA,0,10
Helicopter,D_Tb_hVLBkw,7,10
Helicopter,9LDdYvmbnD8,3,6
Helicopter,5RPDLz_RCbE,0,10
Helicopter,FjkQX_T8bII,0,2
Helicopter,FXuFWtiLMxg,0,10
Helicopter,AS_csvqtZng,0,10
Helicopter,8q_vgp0FDhI,0,10
Helicopter,3mvE_CeH9q0,0,10
Helicopter,F78DbT-liuw,0,10
Helicopter,8gaanZpIl5E,0,10
Helicopter,6Hz2So8JxHE,8,10
Helicopter,C2A9dIL2ECQ,2,10
Helicopter,1H0fdBjsZHc,0,10
Helicopter,CVok0hnJLZA,3,10
Helicopter,9ZsdRZcDAk4,8,10
Helicopter,3ZEHgq1o8PI,0,10
Helicopter,43IxB0Hz2RA,0,10
Helicopter,Fqc_5UqYffI,0,10
Helicopter,Cw-US2uaOKs,0,10
Helicopter,6aO0A4cmi9I,0,4
Helicopter,6B2bI7JRiIU,3,10
Helicopter,1HOdVz725U0,0,10
Helicopter,BLPhHIrPYMk,0,10
Helicopter,FUE8F5Pr8Sw,0,8
Helicopter,43a9o1UL3TI,0,10
Helicopter,7iIBkME4bSM,0,10
Helicopter,3Rgjs_ttdxs,4,10
Helicopter,EmvqTIMsWIQ,0,10
Helicopter,C4wisOkrsSM,0,10
Helicopter,4-HzUlmVNP0,0,10
Helicopter,Fpz0yvhcXBk,0,10
Helicopter,9MgFjf90ABQ,0,10
Helicopter,CSVLZgWziqI,0,10
Helicopter,E96pdA9hIPw,0,10
Helicopter,967itZck8sU,0,10
Helicopter,DOoxj59sxvM,0,10
Helicopter,DrvYM8g3HWk,0,10
Helicopter,4mXikhkrUXA,0,10
Helicopter,EOiAYnxF4fo,3,10
Helicopter,-sW-B-uUiPA,0,10
Helicopter,BCyCm2E_GC0,0,3
Helicopter,AODykrJqBko,0,10
Helicopter,CglrQQudK2o,2,9
Helicopter,36I3i529AiQ,0,10
Helicopter,35FpaXaO6BQ,0,10
Helicopter,3jWxZ00D_z0,0,10
Helicopter,5-PEMVaZm10,0,10
Helicopter,FNKoY0cROHY,0,10
Helicopter,56FMrkKJ96k,0,10
Helicopter,1ozVekZgpZE,0,10
Helicopter,5OGUvwQxWtw,0,10
Helicopter,7PJ8lktkdHg,1,3
Helicopter,D1YtwSPVnP0,0,10
Helicopter,-AcwZ-xmAKY,0,10
Helicopter,7PaGJgeMYiw,3,6
Helicopter,1MeRHPU7oTs,0,10
Helicopter,Ery7CcrMD4s,0,10
Helicopter,AqvhPrthc7k,0,10
Helicopter,7lREiHMv_GM,0,2
Helicopter,4HxIyosr-AM,6,8
Helicopter,ANAGPl7QZ0k,7,10
Helicopter,AavEub0hTD8,0,5
Helicopter,AKZxerXZ-sw,0,10
Helicopter,AQh9Zek1q8k,0,10
Helicopter,9fewLloOpjQ,0,10
Helicopter,3xMSOjiX1pg,2,10
Helicopter,0knMgMsQ-lY,0,10
Helicopter,-gobcCuHQoQ,0,10
Helicopter,7aWM8cEBVy4,0,4
Helicopter,6gC-UfM4t98,0,10
Helicopter,A5o4-vMEWMM,0,10
Helicopter,D9EnXMToTMw,0,10
Helicopter,-1mhTVA9zqU,0,10
Helicopter,EzPcmdRIlSI,0,10
Helicopter,CLm9FYDRxsA,0,10
Helicopter,16k-hKzQqKc,0,10
Helicopter,2okJDQuTVF4,0,10
Helicopter,3WAUAEIdzQU,0,10
Helicopter,5Ay777GyQ2Y,0,10
Helicopter,Es4dmykoj8Y,0,10
Helicopter,5ooG19gLD5A,0,10
Helicopter,ApqTL3dFTdM,3,10
Helicopter,EqrMUYD6Ix4,2,8
Helicopter,4hijHihnKzY,0,10
Helicopter,1vw4LB-D2zo,0,10
Helicopter,4jffpo1xQ9k,6,10
Helicopter,2rLgSQ6sLxM,1,10
Helicopter,5pac-XjDskw,0,10
Helicopter,-pcoDyofmLo,2,10
Helicopter,77Rgr5p7dtk,0,6
Helicopter,8-E3tzyQdN4,1,8
Helicopter,4-_S8clAs8w,0,10
Helicopter,-HZOsrgheYc,0,4
Helicopter,-tEpMSIHIsY,7,9
Helicopter,5_ChtfSQnVs,8,10
Helicopter,FUJYAhOKzCU,4,10
Helicopter,AB7eCNI2_Ow,0,10
Helicopter,5ORpSk5CIWc,0,5
Helicopter,7L27k3WwjL8,0,10
Helicopter,5IERqRaiWCM,2,10
Helicopter,47GfoGWORYU,3,10
Helicopter,4m3_sQNLo80,0,10
Helicopter,-Wr1LEmgz9w,3,10
Helicopter,5OowZH6JXAI,0,10
Helicopter,91jPcI80dkI,8,10
Helicopter,9CKK9FTLqRw,0,10
Helicopter,DP39sTllcPU,0,10
Helicopter,2G3-4D-Mxoo,5,10
Helicopter,Fygm03Gw19Y,0,10
Helicopter,2siyhxvZpWI,0,10
Helicopter,E509105txOk,0,10
Helicopter,EpBw3lXQ5Cg,3,7
Helicopter,0KNggadS53A,0,10
Helicopter,3LqKwILBqKk,2,10
Helicopter,0fdnGzlzzl8,0,10
Helicopter,7jZmLlZ7Pxo,6,10
Helicopter,7behQn6vykM,4,10
Helicopter,FjkiiZMeI2k,0,10
Helicopter,1BTrRnoPvnM,0,10
Motorcycle,-KdcpwL9psc,5,10
Motorcycle,-kUFdYpIHPU,0,7
Motorcycle,0GO42Oh_vmA,0,10
Motorcycle,-jXKNLiTd4k,7,10
Motorcycle,-Iry0eQq4DQ,0,10
Motorcycle,-S-5z2vYtxw,0,10
Motorcycle,03y3RgMybY8,0,10
Motorcycle,01eOqSIF9PE,0,10
Motorcycle,013ek35qYGg,0,10
Motorcycle,0dpHl5euqHU,0,10
Motorcycle,1INnQRgjdFE,0,10
Motorcycle,17N8TLC_-9E,0,4
Motorcycle,1RQDHn5YiK8,0,10
Motorcycle,0XKaQKywFDA,0,10
Motorcycle,0IQxynJmVcg,0,10
Motorcycle,05c_JwurbrU,0,10
Motorcycle,0V0MxUBtx9g,0,10
Motorcycle,-KmDAgYb0Uo,0,10
Motorcycle,1PV6TCRQTok,0,10
Motorcycle,-nJpLdP1soU,0,10
Motorcycle,0jiVxRwk-60,4,10
Motorcycle,-fyVv5G-_Z0,0,10
Motorcycle,0jpK9KoFleI,0,10
Motorcycle,-UcCryhiyxc,0,5
Motorcycle,0C6uNNxfcw8,0,10
Motorcycle,-wblF8Yd3pQ,0,10
Motorcycle,-yJF5hr0j2E,6,10
Motorcycle,1EUE2fs-hZA,0,10
Motorcycle,0gkgoNTBLdE,0,10
Motorcycle,0ebMCZhF0oQ,4,10
Motorcycle,-eO7J5kuaUg,0,10
Motorcycle,-o7Wy0ePIv4,0,10
Motorcycle,-UmdTmFZMno,0,10
Motorcycle,-BtHxM5Uvig,0,10
Motorcycle,-pdljKJHPgg,0,10
Motorcycle,05Z4emmS7IE,0,10
Motorcycle,0XpRRYZZs5o,0,10
Motorcycle,1BwO2S8XiOk,0,10
Motorcycle,-yks9hncucc,0,10
Motorcycle,1AWhzgxoytU,0,10
Motorcycle,06WgbDqqXPM,0,10
Motorcycle,0dNXQt5BtEw,0,10
Motorcycle,-3-t7Sm6un0,0,10
Motorcycle,-aMB5YLAxZo,0,10
Motorcycle,0p68pGdkUnE,6,10
Motorcycle,1-v2SFonosc,0,10
Motorcycle,18-XenSGxAU,0,10
Motorcycle,0NQhj_mvLss,0,10
Motorcycle,14cnVvpzOxQ,0,10
Motorcycle,-YD4QvOyC9k,1,10
Motorcycle,-NDKWUJ16B4,0,10
Motorcycle,-DfS3pZTBcQ,0,10
Motorcycle,13XPDhrHoo0,0,10
Motorcycle,0g1WiFlyC9Q,4,10
Motorcycle,1-4xqkRfFFc,0,10
Motorcycle,04VG5xPYxFw,0,10
Motorcycle,0VjkHdAS4mI,0,10
Motorcycle,03t97hiWnLc,0,10
Motorcycle,0F0lo2ICjVg,0,10
Motorcycle,-ZV0E0GucqQ,0,10
Motorcycle,-H_3oEkKe0M,2,10
Motorcycle,-wfzJ1-A5Lc,0,10
Motorcycle,0SoVB6iEHTU,0,10
Motorcycle,0X9wj5DvYnA,4,10
Motorcycle,0VonGBmATx8,0,10
Motorcycle,0CrFJ3YqIbk,0,3
Motorcycle,0Dt-pH0pW-Y,2,10
Motorcycle,09NvcvNBR-w,0,10
Motorcycle,-sdNwlxs4qA,0,10
"Race car, auto racing",3ONtw83E59c,0,10
"Race car, auto racing",5h73UUgYA8k,0,10
"Race car, auto racing",-Z6NTNuLOTg,4,6
"Race car, auto racing",7sByY3EL3bY,3,10
"Race car, auto racing",3As6JHFBlVg,4,10
"Race car, auto racing",-f84OxDzI54,0,10
"Race car, auto racing",2U1u2GjkYTA,0,9
"Race car, auto racing",6MST-YckqQ0,0,10
"Race car, auto racing",5rI2La8NG7w,5,10
"Race car, auto racing",6d7kNY4LGqQ,2,10
"Race car, auto racing",7lP4OIywYO4,0,10
"Race car, auto racing",4dSzEEFUMxM,0,10
"Race car, auto racing",57fIhnZBDeI,0,6
"Race car, auto racing",48OZxhWjepk,0,10
"Race car, auto racing",89IYTbZz0UM,0,10
"Race car, auto racing",0WiZwf2uRgQ,0,4
"Race car, auto racing",4Db-g-FYKOA,0,10
"Race car, auto racing",6KO3eMyEeOg,1,10
"Race car, auto racing",1ElntnVDwas,6,8
"Race car, auto racing",0N9y6kwEyKc,4,6
"Race car, auto racing",3UPXKVOz_PU,0,10
"Race car, auto racing",-tIE2qVG1Bc,0,10
"Race car, auto racing",6fFgupzqqTQ,6,9
"Race car, auto racing",5fiZvFes7nY,3,10
"Race car, auto racing",4LaTWnw4_Z8,5,9
"Race car, auto racing",-iWt2y7orGc,6,10
"Race car, auto racing",2odAQZHNDRU,4,7
"Race car, auto racing",4xudimm40HY,0,10
"Race car, auto racing",7Oz8a2uZjW8,0,5
"Race car, auto racing",-WyobeAiz5Y,0,10
"Race car, auto racing",44sFddUuZDM,7,10
"Race car, auto racing",446Sa0G5xCA,0,10
"Race car, auto racing",2hQ5-4-knxk,0,9
"Race car, auto racing",2LTe9T2zwEM,0,10
"Race car, auto racing",5e_TRzVOHLo,7,10
"Race car, auto racing",4AaY8e2SDgE,3,6
"Race car, auto racing",-c96lccP5nc,0,10
"Race car, auto racing",0ipy-NvRHvI,0,2
"Race car, auto racing",3Jfh4vUaw18,4,9
"Race car, auto racing",76HsyXBFRnU,0,10
"Race car, auto racing",6LanwlvMooY,0,10
"Race car, auto racing",7ZGjZTmhklA,4,10
"Race car, auto racing",5LAmVOm_sx4,0,7
"Race car, auto racing",2BY4lNq_uGs,0,10
"Race car, auto racing",6Cg0TkI_GKk,3,10
"Race car, auto racing",7njTG7RNNcs,2,6
"Race car, auto racing",25JfZpQfJ8c,0,4
"Race car, auto racing",4Yti-J4YrX4,3,6
"Race car, auto racing",7LvrJxH3o70,3,10
"Race car, auto racing",2JaOuIcH_2U,0,3
"Race car, auto racing",1DkfRgtApF4,5,10
"Race car, auto racing",5JHNje238Gg,7,10
"Race car, auto racing",3LgI2wLOgVE,3,10
"Race car, auto racing",2hfcKN22z1g,4,10
"Race car, auto racing",6mReoKOn-iA,0,10
"Race car, auto racing",-G7eX4G5Frc,0,10
"Race car, auto racing",2zCcsxgX2_0,3,5
"Race car, auto racing",7E2HRnGoY3U,7,9
"Race car, auto racing",6d7aULxnMVY,0,8
"Race car, auto racing",6QipAjvqRgI,0,4
"Race car, auto racing",8PfAEW-985A,0,7
"Race car, auto racing",1X_SXuZnH0U,2,8
"Race car, auto racing",5b28fA_Xo7Y,0,10
"Race car, auto racing",1RQpv8AZQYk,3,10
"Race car, auto racing",8GNlbYDeHE8,0,10
"Race car, auto racing",57kFw1rqgWw,0,10
"Race car, auto racing",-WsmwJzAgLo,0,4
"Race car, auto racing",8-NdOdHi7Aw,0,10
"Race car, auto racing",5RiwMAGHteQ,4,10
"Race car, auto racing",16UR9ElPmao,0,10
"Race car, auto racing",3spkRSuAaYs,0,10
"Race car, auto racing",3cMqNcphAxE,2,8
"Race car, auto racing",2K0KbzTQESE,0,6
"Race car, auto racing",-ltM8L2kktU,0,10
"Race car, auto racing",5IRu9K0yzxQ,0,10
"Race car, auto racing",7NUqdE-24VA,0,7
"Race car, auto racing",-lg_Oz9glTY,6,10
"Race car, auto racing",6hL8HNIGdcY,0,10
"Race car, auto racing",-1q0XHPxqe8,2,6
"Race car, auto racing",2jXY8l00Poo,0,8
"Race car, auto racing",47UDBjg0oiM,0,9
"Race car, auto racing",5jZ9_geG6t0,6,10
"Race car, auto racing",6u_CZHfvlWQ,0,2
"Race car, auto racing",-auWQAsSdEY,2,10
"Race car, auto racing",3zd4SD32QfI,0,10
"Race car, auto racing",1bhbl7bpQSM,0,10
"Race car, auto racing",3Nwo_WKoHwk,0,10
"Race car, auto racing",7DLmBTAGLmI,5,10
"Race car, auto racing",2Jnv4ouZEEw,7,10
"Race car, auto racing",576UgLDJwdo,0,10
"Race car, auto racing",1plsefHccZ8,0,10
"Race car, auto racing",-WOcO4B-Jis,0,10
"Race car, auto racing",-n2EQH6q-2w,0,10
"Race car, auto racing",6XNavva3RYk,5,10
"Race car, auto racing",-kOR7aKjFZw,0,10
"Race car, auto racing",1LAknnlMGEA,0,10
"Race car, auto racing",1bjZQVkbOdY,0,10
"Race car, auto racing",1Ie5wdMp3mk,0,5
"Race car, auto racing",5JSDRgTCt7M,0,10
"Race car, auto racing",3eF-0B5Z5-A,0,10
"Race car, auto racing",8KskMOm3vDE,8,10
"Race car, auto racing",7E7SjwMikT0,0,6
"Race car, auto racing",4xiXdC2QHyk,0,10
"Race car, auto racing",5apSJFQBrOc,0,10
"Race car, auto racing",5QJ8SOQQZ7c,3,10
"Race car, auto racing",2lbpnXbGVmA,0,10
"Race car, auto racing",1LBQ0B6cnd0,0,7
"Race car, auto racing",88_NB1jCIj4,0,4
"Race car, auto racing",2S5BMgtCq7Q,0,6
"Race car, auto racing",0fIUmzUs9vw,2,10
"Race car, auto racing",28nsX8pg7S0,0,10
"Race car, auto racing",3N_MqBnppv0,0,7
"Race car, auto racing",5c-I4iyLr8s,0,3
"Race car, auto racing",27Los1lbSXY,4,10
"Race car, auto racing",1hA5COzE6sY,2,6
"Race car, auto racing",1qJMhqDhaqU,0,10
"Race car, auto racing",-P-2hDG5kKk,0,5
"Race car, auto racing",3YuBzhAU_Yc,0,2
"Race car, auto racing",3HmqJtS2q2Y,0,10
"Race car, auto racing",52al3EPPW2A,0,10
"Race car, auto racing",14_WwLRcWW4,0,7
Train horn,6CRbv7wRxMU,0,10
Train horn,---1_cCGK4M,0,10
Train horn,255C0OODvTA,0,10
Train horn,2E3r-Dfb1NE,0,10
Train horn,2QXhTsNhzIQ,0,10
Train horn,0yETgW44MZU,0,10
Train horn,1PaQmRw_VIs,0,10
Train horn,7cmn_AcBi10,0,10
Train horn,1ceprZO-VEU,0,10
Train horn,0smuyAnjIJI,0,10
Train horn,0QKj8bSma1g,0,8
Train horn,0B8Wt5PiL1k,0,10
Train horn,0PJ6PRTzoWs,0,10
Train horn,-RFRH50Qobg,0,10
Train horn,5kqVXgLVzhk,0,10
Train horn,4zCGF-4R-Ws,0,10
Train horn,-z6NOS2bnCk,0,10
Train horn,6Rv0x3NewpY,0,10
Train horn,1NDvh04pBGU,0,10
Train horn,1JfnWSwbxCw,0,10
Train horn,6Q7JIacR29o,0,10
Train horn,1wWU0iUAm0U,0,10
Train horn,-eVdi8PdMh4,0,10
Train horn,-nGBPqlRNg4,0,10
Train horn,5sDXHnJBVms,0,10
Train horn,4tlvzARr7lQ,0,10
Train horn,296yTJSr6uI,0,10
Train horn,13WnlxzBU6k,0,10
Train horn,0kh5HKETL0A,0,10
Train horn,6NAcuyS_vjs,0,10
Train horn,4tCcsoXT4mc,0,10
Train horn,4-nx7nOna50,0,10
Train horn,0bQnpp4aB_Q,0,10
Train horn,511xID91gOM,0,8
Train horn,7JWHbs3gu1w,0,10
Train horn,-n2qmn-4i3E,0,10
Train horn,-5QrBL6MzLg,0,10
Train horn,5yOga-6uyD8,0,10
Train horn,2QsWNp64ERU,0,10
Train horn,0nPbMeub5HU,0,10
Train horn,3JR1kD2HQ_s,0,10
Train horn,7KdSGBzXvz8,0,10
Train horn,2MzX4ArMlBg,0,10
Train horn,-hAjyh3rqqc,0,10
Train horn,-5jTPNu2Unc,0,10
Train horn,7li4oPDlkvo,0,10
Train horn,6hRncnuF1NY,0,10
Train horn,5R7ChPxlWjM,0,10
Train horn,1jioOKOVSBg,0,10
Train horn,3ndid3jni7M,0,10
Train horn,2dI-82uWvo0,0,4
Train horn,6HNNRcOwdNc,5,10
Train horn,0NXdGlo-Mwo,0,10
Train horn,2ceUOv8A3FE,0,10
Train horn,28dSHMdwY_I,0,10
Train horn,2P5SAsilxeM,0,10
Train horn,6xNjvLpKhrw,0,10
Train horn,5DYvxX5j27w,0,10
Train horn,2fP0Wctos0E,0,10
Train horn,13guh6z6X6g,0,10
Train horn,-1oRfe0FQI8,0,10
Train horn,1TBD_xpFAHQ,0,10
Train horn,1iUXERALOOs,2,8
Train horn,30ily4eNIF4,0,10
Train horn,4QYxw4ca0go,0,10
Train horn,-JaQwrOeCYs,0,10
Train horn,18wd5CmRyFU,0,10
Train horn,2bSkMSmVolk,0,10
Train horn,3_pAoiTNFys,0,10
Train horn,1NIO0HSFUIo,0,10
Train horn,-U1ebnHfHEU,0,10
Train horn,2WTDsKqQbZc,0,4
Train horn,2BMHsKLcb7E,0,6
Train horn,52giNcwzggo,0,10
Train horn,4z_y47YsieE,0,10
Train horn,7QsxGFPOZrQ,0,10
Train horn,2o93RmaqiLw,0,7
Train horn,2rYqQH_iBm8,0,10
Train horn,7_BtnZxpN-I,0,10
Train horn,5OYAI-pXAMo,0,10
Train horn,4NfpeAUeVUY,0,10
Train horn,-AbFO26L-fw,0,10
Train horn,3W-kCKzE4Lc,0,10
Train horn,3rZKZ2bDiHQ,0,10
Train horn,6hACE_1iS1I,0,10
Train horn,5NwrPL4p0Co,5,10
Train horn,6RptdyF2Nu8,0,10
Train horn,7QEqRkxpwfU,0,10
Train horn,-qu6yqh6F_k,0,10
Train horn,7XsWZg3eUs8,0,10
Train horn,1tQys1GnFwU,0,10
Train horn,-u9BxBNcrw4,0,10
Train horn,-EovwXDEidU,0,10
Train horn,-Oo5KT8cycI,0,10
Train horn,1hQLr88iCvg,0,10
Train horn,-FBT_lY07L0,0,10
Train horn,-AioliAg12U,0,10
Train horn,3fmEdb87BcU,0,10
Train horn,5XquGZ5QZms,0,10
Train horn,3qnpOqvnKTo,0,10
Train horn,6vsTXT8XJP4,2,10
Train horn,7X3i7llSK9U,0,10
Train horn,0095-_8T5ZY,0,10
Train horn,0rhSFPtqAhI,0,10
Train horn,2HNc9hg37Zs,0,10
Train horn,3TB0dB1r59M,0,10
Train horn,3O8GirGuUL4,0,10
Train horn,3GP_mBH2D5U,0,10
Train horn,2Zctd8ryM9M,0,10
Train horn,5ttWKdrpWHU,7,10
Train horn,6t5Cq-Za5g0,0,10
Train horn,27HIamF8pKo,6,8
Train horn,7YHdWiSOChc,0,10
Train horn,0_eJQ3UbQ1U,0,10
Train horn,2hcY8kXQj60,0,10
Train horn,2ubvf7fB5co,0,10
Train horn,0ktrXv5sR4s,0,10
Train horn,4YFP7Eu9PNA,0,10
Train horn,1VVcSXcb51o,7,10
Train horn,4YNcm3tknVw,0,10
Train horn,6D8-2JQ6G0c,0,10
Train horn,53oq_Otm_XI,0,10
Train horn,5oLozmidBnY,0,10
Ukulele,0YuZfSygbf8,0,10
Ukulele,1hZV-4QbK38,0,10
Ukulele,1toyAZ-12KY,0,10
Ukulele,0f_iTO5t3hU,0,10
Ukulele,2dmQtVvi3fg,0,10
Ukulele,-XvNSVqRNHU,0,10
Ukulele,1GMx8Gu5h_g,0,10
Ukulele,1DREQo2-CLQ,0,10
Ukulele,2OoJ3Km49EE,0,10
Ukulele,1ydZZWtDpz0,7,10
Ukulele,0QqK0U5u2HQ,0,10
Ukulele,2W_KYL2M3Rk,0,10
Ukulele,0DVDTCjpZwQ,0,10
Ukulele,-NKHrtkWz_U,0,10
Ukulele,2iInCeXo-7s,0,10
Ukulele,1eT10fiwAEI,0,10
Ukulele,-qzbB9LVew4,0,10
Ukulele,0XGEabNAap4,0,10
Ukulele,20TX1N4crxk,0,10
Ukulele,1qrOjqPExcA,0,2
Ukulele,1mW1stI1nNI,0,10
Ukulele,-N18nhlehc8,0,10
Ukulele,-oaBhvdsTls,0,10
Ukulele,-QVO0p4jbho,0,10
Ukulele,1iSTc1dg69I,0,10
Ukulele,1liv1kZx8qM,0,10
Ukulele,0imJ78XfnRo,0,10
Ukulele,-Ciz5Qz9-xw,0,10
Ukulele,2lE-RWT9T_o,0,10
Ukulele,-RZ7_2sErXo,0,10
Ukulele,0RiQLalc7pc,0,10
Ukulele,0WO9VM3BLNk,0,10
Ukulele,1vOfe_Fb2N8,0,10
Ukulele,-k_s7yZFmC4,0,10
Ukulele,-vZf-9zRto4,0,10
Ukulele,1_xD_7mK7_0,0,10
Ukulele,2fJzHmNKsV0,0,10
Ukulele,-F5wSJwBZjU,3,10
Ukulele,1y2nPnpYUmc,0,10
Ukulele,-V9yRz2lBhU,0,10
Ukulele,-otTsLHKEh4,0,10
Ukulele,0OAP5Vq_NQM,8,10
Ukulele,-1NiUjILyBE,0,10
Ukulele,11jiKbSqv7Y,0,10
Ukulele,0jUHZaxNets,0,10
Ukulele,07aML2ZU52M,0,10
Ukulele,1oGivairkgw,0,10
Ukulele,2484VU9HZIA,0,10
Ukulele,0M1o_44OS74,0,10
Ukulele,0TKdfV2_l1A,0,10
Ukulele,29FQeL_EIjc,7,10
Ukulele,0B_ad6JF4a0,0,10
Ukulele,-WHymqVONQA,0,10
Ukulele,1lRBHIMM0A0,0,10
Ukulele,2et7ldOpKs8,0,10
Ukulele,0m233BH8qu0,0,10
Ukulele,2gTs8EasBMU,0,10
Ukulele,1CLOP18zemg,0,4
Ukulele,-1qyr-IzqKY,0,10
Ukulele,05X04m1TyeA,0,10
Ukulele,0aOckbqixXs,0,10
Ukulele,-2JaPqD9rIY,0,10
Ukulele,28bKSi6GCfE,0,10
Ukulele,-HRf0jsWypE,0,7
Ukulele,1MFXSBjJbtM,0,10
Ukulele,0rIKtjveTik,0,10
Ukulele,2eieVfdUiuc,0,10
Ukulele,-SLx_3eTU6k,0,10
Ukulele,2p9L2wSE6tk,2,10
Ukulele,2_PLS-BBdEA,0,10
Ukulele,-ydzVCB1oNg,0,10
Ukulele,29mjClwVi30,0,10
Ukulele,2V7daNwC7Uw,0,10
Ukulele,2nYtMePHy1o,0,10
Ukulele,2Y7qqDpdmok,0,10
Ukulele,2-I0oSqmEHQ,0,10
Ukulele,-r3_dzCQbVw,0,10
Ukulele,-_hc8mN17g4,0,10
Ukulele,0h8HxZaX9wQ,0,10
Ukulele,-8uiE24x91w,0,10
Ukulele,1zTYiYCegfg,0,10
Ukulele,-6qVa2xwmg0,0,10
Ukulele,-qKTiVov9NQ,0,10
Ukulele,-nZcEySt5Vs,0,10
Ukulele,-wwLSHIxjt4,0,10
Ukulele,-IT9xQaXudA,0,10
Ukulele,0cKUAJ9rr0M,4,10
Ukulele,1IxIvUFJZrw,0,10
Ukulele,0qMHkYM6ZtI,0,10
Ukulele,2NOd2l2d5to,0,10
Ukulele,23Tdr37Ko-U,0,10
Ukulele,1JhuwQD0Jsw,0,10
Ukulele,23HcB0a-4E8,0,10
Ukulele,-4WY4R15nmM,0,10
Ukulele,2FVh5eFSiFc,0,10
Ukulele,22uG6UXQBsQ,6,10
Ukulele,-5-B95D085I,0,10
Ukulele,0NwJfHxeDlI,0,10
Ukulele,-q2paSVuDuQ,0,10
Ukulele,16eUxQwxxbs,0,10
Ukulele,1E3Uqu74Mv4,0,10
Ukulele,1hx6q-hUWzY,0,10
Ukulele,0GGGjF6zXfE,0,10
Ukulele,07Pzrop9-6k,0,10
Ukulele,2qVuxENcRvw,0,10
Ukulele,-lPBAqIopMo,0,10
Ukulele,2R6Ppsd2KpU,0,10
Ukulele,19obIgE_LqM,0,10
Ukulele,13mhIKgw118,0,10
Ukulele,-lFg_rp6QkA,0,10
Ukulele,1sSJ0VII-4s,0,10
Ukulele,-uBucuEllR4,0,10
Ukulele,1QMl0bBsEkc,0,10
Ukulele,0-AWASt7xeQ,0,10
